Coeff_Index,Value
0,-13.984337947118211
1,40.70312659806291
2,-43.52129950726951
3,20.888894900992277
4,-4.198793412882292
5,0.7722954933120898
6,6.778408424123835
