Coeff_Index,Value
0,-13.984337947117536
1,40.70312659805956
2,-43.52129950726438
3,20.888894900989
4,-4.198793412881416
5,0.7722954933120082
6,7.243408424123839
